Datetime,Close,High,Low,Open,Volume,Ticker,ticker,sentiment_score
2025-06-13 13:30:00+00:00,198.89999389648438,200.3699951171875,198.64500427246094,199.50999450683594,4848028,AAPL,AAPL,0.0
2025-06-13 13:35:00+00:00,198.27000427246094,199.24000549316406,197.80999755859375,198.88999938964844,1210436,AAPL,AAPL,0.0
2025-06-13 13:40:00+00:00,197.5,198.2899932861328,197.27000427246094,198.2698974609375,1258742,AAPL,AAPL,0.0
2025-06-13 13:45:00+00:00,197.38499450683594,197.60000610351562,196.89999389648438,197.52999877929688,1163972,AAPL,AAPL,0.0
2025-06-13 13:50:00+00:00,196.94039916992188,197.66000366210938,196.89999389648438,197.3800048828125,862739,AAPL,AAPL,0.0
2025-06-13 13:55:00+00:00,196.89999389648438,197.16000366210938,196.75999450683594,196.9499969482422,795916,AAPL,AAPL,0.0
2025-06-13 14:00:00+00:00,196.85000610351562,197.3972930908203,196.5800018310547,196.9499969482422,904076,AAPL,AAPL,0.0
2025-06-13 14:05:00+00:00,196.49000549316406,196.98129272460938,196.46200561523438,196.85000610351562,663504,AAPL,AAPL,0.0
2025-06-13 14:10:00+00:00,196.23980712890625,196.39920043945312,195.91000366210938,196.3820037841797,1112701,AAPL,AAPL,0.0
2025-06-13 14:15:00+00:00,196.36000061035156,196.37930297851562,196.0,196.22999572753906,772112,AAPL,AAPL,1.0
2025-06-13 14:20:00+00:00,196.09060668945312,196.3699951171875,196.0500030517578,196.36990356445312,640270,AAPL,AAPL,0.0
2025-06-13 14:25:00+00:00,196.15499877929688,196.52999877929688,196.00999450683594,196.0800018310547,605822,AAPL,AAPL,0.0
2025-06-13 14:30:00+00:00,196.29629516601562,196.52999877929688,195.97999572753906,196.13999938964844,736919,AAPL,AAPL,1.0
2025-06-13 14:35:00+00:00,196.72999572753906,196.82000732421875,196.16000366210938,196.3000030517578,699430,AAPL,AAPL,0.0
2025-06-13 14:40:00+00:00,196.64999389648438,197.1699981689453,196.64500427246094,196.72999572753906,616130,AAPL,AAPL,0.0
2025-06-13 14:45:00+00:00,196.61500549316406,197.02000427246094,196.5800018310547,196.66000366210938,472746,AAPL,AAPL,0.0
2025-06-13 14:50:00+00:00,197.03500366210938,197.07000732421875,196.39999389648438,196.60000610351562,484819,AAPL,AAPL,0.0
2025-06-13 14:55:00+00:00,197.11000061035156,197.19979858398438,196.9499969482422,197.02000427246094,458025,AAPL,AAPL,0.0
2025-06-13 15:00:00+00:00,197.072998046875,197.25,196.97999572753906,197.11000061035156,416093,AAPL,AAPL,0.0
2025-06-13 15:05:00+00:00,197.2899932861328,197.4409942626953,197.0500030517578,197.07000732421875,451817,AAPL,AAPL,0.0
2025-06-13 15:10:00+00:00,197.24000549316406,197.3925018310547,197.16000366210938,197.29010009765625,443992,AAPL,AAPL,0.0
2025-06-13 15:15:00+00:00,197.3419952392578,197.38999938964844,197.1092071533203,197.2375030517578,324021,AAPL,AAPL,0.0
2025-06-13 15:20:00+00:00,197.44000244140625,197.61000061035156,197.2100067138672,197.30999755859375,420723,AAPL,AAPL,1.0
2025-06-13 15:25:00+00:00,197.50999450683594,197.63999938964844,197.35000610351562,197.4199981689453,345355,AAPL,AAPL,0.0
2025-06-13 15:30:00+00:00,197.3701934814453,197.56300354003906,197.33999633789062,197.52000427246094,349005,AAPL,AAPL,0.0
2025-06-13 15:35:00+00:00,197.47999572753906,197.57000732421875,197.2100067138672,197.38999938964844,339610,AAPL,AAPL,0.0
2025-06-13 15:40:00+00:00,197.6699981689453,197.6988067626953,197.3928985595703,197.49000549316406,279461,AAPL,AAPL,0.0
2025-06-13 15:45:00+00:00,197.75079345703125,197.875,197.58999633789062,197.6707000732422,364007,AAPL,AAPL,0.0
2025-06-13 15:50:00+00:00,197.84120178222656,197.8800048828125,197.63499450683594,197.75999450683594,301466,AAPL,AAPL,0.0
2025-06-13 15:55:00+00:00,197.6887969970703,197.82000732421875,197.60000610351562,197.8000030517578,341273,AAPL,AAPL,0.0
2025-06-13 16:00:00+00:00,197.5399932861328,197.72999572753906,197.42999267578125,197.67999267578125,361937,AAPL,AAPL,0.0
2025-06-13 16:05:00+00:00,197.97000122070312,198.0050048828125,197.50999450683594,197.5399932861328,375418,AAPL,AAPL,0.0
2025-06-13 16:10:00+00:00,197.9149932861328,198.02999877929688,197.91000366210938,197.97000122070312,309591,AAPL,AAPL,0.0
2025-06-13 16:15:00+00:00,197.97999572753906,198.04750061035156,197.86000061035156,197.91000366210938,329256,AAPL,AAPL,0.0
2025-06-13 16:20:00+00:00,197.89999389648438,198.02000427246094,197.86000061035156,197.9788055419922,234618,AAPL,AAPL,0.0
2025-06-13 16:25:00+00:00,197.27000427246094,197.95860290527344,197.22000122070312,197.88999938964844,492379,AAPL,AAPL,0.0
2025-06-13 16:30:00+00:00,197.39999389648438,197.42999267578125,197.0800018310547,197.2899932861328,465321,AAPL,AAPL,0.0
2025-06-13 16:35:00+00:00,197.15499877929688,197.47999572753906,197.15499877929688,197.41000366210938,360766,AAPL,AAPL,0.0
2025-06-13 16:40:00+00:00,197.17999267578125,197.36570739746094,197.1199951171875,197.14999389648438,289917,AAPL,AAPL,0.0
2025-06-13 16:45:00+00:00,197.15499877929688,197.3249969482422,197.13999938964844,197.17999267578125,221755,AAPL,AAPL,0.0
2025-06-13 16:50:00+00:00,197.3800048828125,197.52999877929688,197.13499450683594,197.1649932861328,321684,AAPL,AAPL,0.0
2025-06-13 16:55:00+00:00,197.4600067138672,197.57000732421875,197.33999633789062,197.35000610351562,247934,AAPL,AAPL,0.0
2025-06-13 17:00:00+00:00,197.32000732421875,197.47000122070312,197.2899932861328,197.42999267578125,250529,AAPL,AAPL,0.0
2025-06-13 17:05:00+00:00,197.32000732421875,197.39500427246094,197.27999877929688,197.3300018310547,163779,AAPL,AAPL,0.0
2025-06-13 17:10:00+00:00,197.27999877929688,197.41000366210938,196.97000122070312,197.3101043701172,491384,AAPL,AAPL,0.0
2025-06-13 17:15:00+00:00,197.0800018310547,197.26499938964844,196.9199981689453,197.25,236839,AAPL,AAPL,0.0
2025-06-13 17:20:00+00:00,197.46499633789062,197.52999877929688,197.17999267578125,197.17999267578125,374794,AAPL,AAPL,0.0
2025-06-13 17:25:00+00:00,197.27000427246094,197.5,197.27000427246094,197.47239685058594,186423,AAPL,AAPL,0.0
2025-06-13 17:30:00+00:00,197.30999755859375,197.4799041748047,197.22000122070312,197.25,196377,AAPL,AAPL,0.0
2025-06-13 17:35:00+00:00,197.2899932861328,197.3874053955078,197.1999969482422,197.3300018310547,235861,AAPL,AAPL,0.0
2025-06-13 17:40:00+00:00,197.44949340820312,197.52000427246094,197.25,197.3000030517578,278358,AAPL,AAPL,0.0
2025-06-13 17:45:00+00:00,197.3300018310547,197.61000061035156,197.25999450683594,197.44000244140625,195534,AAPL,AAPL,0.0
2025-06-13 17:50:00+00:00,197.6199951171875,197.7100067138672,197.3000030517578,197.3300018310547,254577,AAPL,AAPL,0.0
2025-06-13 17:55:00+00:00,197.5399932861328,197.6300048828125,197.49000549316406,197.6199951171875,159627,AAPL,AAPL,0.0
2025-06-13 18:00:00+00:00,197.1199951171875,197.69000244140625,196.9199981689453,197.5399932861328,426170,AAPL,AAPL,0.0
2025-06-13 18:05:00+00:00,196.6699981689453,197.3699951171875,196.66000366210938,197.1300048828125,450668,AAPL,AAPL,0.0
2025-06-13 18:10:00+00:00,196.63999938964844,196.80999755859375,196.5399932861328,196.6699981689453,459331,AAPL,AAPL,0.0
2025-06-13 18:15:00+00:00,196.74989318847656,196.8000030517578,196.35000610351562,196.63999938964844,576729,AAPL,AAPL,0.0
2025-06-13 18:20:00+00:00,196.69000244140625,196.83999633789062,196.5399932861328,196.74000549316406,353004,AAPL,AAPL,0.0
2025-06-13 18:25:00+00:00,196.2779998779297,196.75999450683594,196.22000122070312,196.6999969482422,425851,AAPL,AAPL,-1.0
2025-06-13 18:30:00+00:00,196.05999755859375,196.30999755859375,195.80999755859375,196.25999450683594,1010322,AAPL,AAPL,0.0
2025-06-13 18:35:00+00:00,195.91990661621094,196.13099670410156,195.82000732421875,196.07000732421875,460620,AAPL,AAPL,0.0
2025-06-13 18:40:00+00:00,196.10000610351562,196.15469360351562,195.82000732421875,195.91000366210938,432950,AAPL,AAPL,0.0
2025-06-13 18:45:00+00:00,196.07000732421875,196.27000427246094,196.0301055908203,196.11000061035156,381511,AAPL,AAPL,0.0
2025-06-13 18:50:00+00:00,196.3800048828125,196.42999267578125,196.02000427246094,196.05999755859375,300672,AAPL,AAPL,0.0
2025-06-13 18:55:00+00:00,196.46499633789062,196.48500061035156,196.19500732421875,196.36500549316406,318132,AAPL,AAPL,0.0
2025-06-13 19:00:00+00:00,196.32000732421875,196.63999938964844,196.11000061035156,196.4550018310547,360607,AAPL,AAPL,0.0
2025-06-13 19:05:00+00:00,196.5800018310547,196.60000610351562,196.2100067138672,196.3300018310547,327079,AAPL,AAPL,0.0
2025-06-13 19:10:00+00:00,196.49000549316406,196.58999633789062,196.2100067138672,196.5800018310547,323095,AAPL,AAPL,0.0
2025-06-13 19:15:00+00:00,196.42999267578125,196.5500030517578,196.19000244140625,196.50999450683594,414145,AAPL,AAPL,0.0
2025-06-13 19:20:00+00:00,196.30999755859375,196.5800018310547,196.26010131835938,196.4199981689453,479504,AAPL,AAPL,0.0
2025-06-13 19:25:00+00:00,196.22000122070312,196.3000030517578,196.0800018310547,196.1999969482422,357595,AAPL,AAPL,0.0
2025-06-13 19:30:00+00:00,196.2100067138672,196.38999938964844,196.00999450683594,196.24000549316406,426323,AAPL,AAPL,0.0
2025-06-13 19:35:00+00:00,196.33999633789062,196.69000244140625,196.12010192871094,196.1999969482422,543410,AAPL,AAPL,0.0
2025-06-13 19:40:00+00:00,196.0449981689453,196.51620483398438,195.98500061035156,196.33999633789062,530392,AAPL,AAPL,0.0
2025-06-13 19:45:00+00:00,196.12060546875,196.25,195.77000427246094,196.0399932861328,788248,AAPL,AAPL,0.0
2025-06-13 19:50:00+00:00,195.99000549316406,196.3300018310547,195.8000030517578,196.13999938964844,1012339,AAPL,AAPL,0.0
2025-06-13 19:55:00+00:00,196.4499969482422,196.50999450683594,195.81500244140625,195.9600067138672,2356870,AAPL,AAPL,0.0
2025-06-16 13:30:00+00:00,196.9550018310547,197.83999633789062,196.77000427246094,197.2899932861328,2811788,AAPL,AAPL,-1.0
2025-06-16 13:35:00+00:00,197.4499969482422,197.52000427246094,196.58999633789062,196.94000244140625,1025842,AAPL,AAPL,0.0
2025-06-16 13:40:00+00:00,197.00999450683594,197.75,196.94000244140625,197.47999572753906,722692,AAPL,AAPL,0.0
2025-06-16 13:45:00+00:00,197.0800018310547,197.22999572753906,196.5635986328125,196.97999572753906,713611,AAPL,AAPL,0.0
2025-06-16 13:50:00+00:00,197.38999938964844,197.6999969482422,196.97999572753906,197.0800018310547,781463,AAPL,AAPL,0.0
2025-06-16 13:55:00+00:00,198.32000732421875,198.35000610351562,197.3607940673828,197.39500427246094,1049591,AAPL,AAPL,0.0
2025-06-16 14:00:00+00:00,198.29379272460938,198.68499755859375,198.0500030517578,198.33999633789062,734510,AAPL,AAPL,0.0
2025-06-16 14:05:00+00:00,197.72999572753906,198.33999633789062,197.72999572753906,198.3000030517578,500661,AAPL,AAPL,0.0
2025-06-16 14:10:00+00:00,197.91000366210938,197.99000549316406,197.63999938964844,197.74000549316406,419455,AAPL,AAPL,0.0
2025-06-16 14:15:00+00:00,197.94500732421875,197.9550018310547,197.72999572753906,197.9250030517578,404636,AAPL,AAPL,0.0
2025-06-16 14:20:00+00:00,198.42599487304688,198.52999877929688,197.9499053955078,197.9499053955078,890174,AAPL,AAPL,0.0
2025-06-16 14:25:00+00:00,198.42999267578125,198.5399932861328,198.1300048828125,198.44500732421875,538483,AAPL,AAPL,0.0
2025-06-16 14:30:00+00:00,198.36000061035156,198.66000366210938,198.17999267578125,198.43499755859375,624514,AAPL,AAPL,0.0
2025-06-16 14:35:00+00:00,198.25669860839844,198.52000427246094,198.2100067138672,198.35499572753906,405460,AAPL,AAPL,0.0
2025-06-16 14:40:00+00:00,198.30999755859375,198.31300354003906,198.0399932861328,198.27999877929688,374450,AAPL,AAPL,0.0
2025-06-16 14:45:00+00:00,198.3000030517578,198.39999389648438,198.25,198.31500244140625,305355,AAPL,AAPL,0.0
2025-06-16 14:50:00+00:00,198.04989624023438,198.29539489746094,198.02000427246094,198.29539489746094,282729,AAPL,AAPL,0.0
2025-06-16 14:55:00+00:00,198.22000122070312,198.35000610351562,198.00999450683594,198.0399932861328,456791,AAPL,AAPL,0.0
2025-06-16 15:00:00+00:00,197.88999938964844,198.22500610351562,197.83999633789062,198.22500610351562,528568,AAPL,AAPL,0.0
2025-06-16 15:05:00+00:00,197.77999877929688,197.9149932861328,197.63999938964844,197.89999389648438,399130,AAPL,AAPL,0.0
2025-06-16 15:10:00+00:00,197.8000030517578,197.88999938964844,197.6199951171875,197.78500366210938,398767,AAPL,AAPL,0.0
2025-06-16 15:15:00+00:00,197.77879333496094,197.85000610351562,197.52999877929688,197.76499938964844,394041,AAPL,AAPL,1.0
2025-06-16 15:15:00+00:00,197.77879333496094,197.85000610351562,197.52999877929688,197.76499938964844,394041,AAPL,AAPL,0.0
2025-06-16 15:15:00+00:00,197.77879333496094,197.85000610351562,197.52999877929688,197.76499938964844,394041,AAPL,AAPL,0.0
2025-06-16 15:20:00+00:00,197.47999572753906,197.7998046875,197.33999633789062,197.77000427246094,458365,AAPL,AAPL,0.0
2025-06-16 15:25:00+00:00,197.31500244140625,197.5236053466797,197.1649932861328,197.48599243164062,462844,AAPL,AAPL,0.0
2025-06-16 15:30:00+00:00,197.27499389648438,197.49000549316406,197.2100067138672,197.30999755859375,359792,AAPL,AAPL,0.0
2025-06-16 15:35:00+00:00,197.02999877929688,197.27000427246094,197.0189971923828,197.27000427246094,393094,AAPL,AAPL,0.0
2025-06-16 15:40:00+00:00,197.16000366210938,197.25999450683594,196.9199981689453,197.03990173339844,637655,AAPL,AAPL,0.0
2025-06-16 15:45:00+00:00,197.38999938964844,197.38999938964844,197.05999755859375,197.14999389648438,330482,AAPL,AAPL,1.0
2025-06-16 15:50:00+00:00,197.16000366210938,197.41000366210938,197.13499450683594,197.3800048828125,296094,AAPL,AAPL,0.0
2025-06-16 15:55:00+00:00,197.36990356445312,197.4199981689453,196.875,197.08120727539062,613819,AAPL,AAPL,0.0
2025-06-16 16:00:00+00:00,197.38999938964844,197.42999267578125,197.22000122070312,197.36500549316406,257923,AAPL,AAPL,0.0
2025-06-16 16:05:00+00:00,197.22999572753906,197.4185028076172,197.1699981689453,197.39999389648438,219619,AAPL,AAPL,0.0
2025-06-16 16:10:00+00:00,197.3699951171875,197.4199981689453,197.1699981689453,197.24000549316406,207037,AAPL,AAPL,0.0
2025-06-16 16:15:00+00:00,197.375,197.6300048828125,197.2899932861328,197.3197021484375,434105,AAPL,AAPL,0.0
2025-06-16 16:20:00+00:00,197.1199951171875,197.40499877929688,197.07000732421875,197.3798065185547,280054,AAPL,AAPL,0.0
2025-06-16 16:25:00+00:00,197.0800018310547,197.16000366210938,197.02000427246094,197.11000061035156,240005,AAPL,AAPL,0.0
2025-06-16 16:30:00+00:00,197.1999969482422,197.23989868164062,197.02000427246094,197.10000610351562,212891,AAPL,AAPL,0.0
2025-06-16 16:35:00+00:00,197.36000061035156,197.39500427246094,197.13999938964844,197.1999969482422,217693,AAPL,AAPL,0.0
2025-06-16 16:40:00+00:00,197.24000549316406,197.41000366210938,197.22999572753906,197.3699951171875,215114,AAPL,AAPL,0.0
2025-06-16 16:45:00+00:00,197.4199981689453,197.47999572753906,197.17999267578125,197.2476043701172,213948,AAPL,AAPL,0.0
2025-06-16 16:50:00+00:00,197.5449981689453,197.60000610351562,197.41000366210938,197.43499755859375,190213,AAPL,AAPL,0.0
2025-06-16 16:55:00+00:00,197.52000427246094,197.57000732421875,197.42999267578125,197.5498046875,171434,AAPL,AAPL,0.0
2025-06-16 17:00:00+00:00,197.4001007080078,197.52999877929688,197.33999633789062,197.50999450683594,180867,AAPL,AAPL,0.0
2025-06-16 17:05:00+00:00,197.41000366210938,197.42010498046875,197.3300018310547,197.41000366210938,152612,AAPL,AAPL,0.0
2025-06-16 17:10:00+00:00,197.49000549316406,197.55999755859375,197.39999389648438,197.39999389648438,275678,AAPL,AAPL,0.0
2025-06-16 17:15:00+00:00,197.7198944091797,197.72999572753906,197.47000122070312,197.49000549316406,256922,AAPL,AAPL,0.0
2025-06-16 17:20:00+00:00,197.74000549316406,197.82000732421875,197.5500030517578,197.71240234375,284379,AAPL,AAPL,0.0
2025-06-16 17:25:00+00:00,197.875,197.9550018310547,197.64999389648438,197.74000549316406,306629,AAPL,AAPL,0.0
2025-06-16 17:30:00+00:00,197.9788055419922,198.08999633789062,197.86000061035156,197.88499450683594,401702,AAPL,AAPL,0.0
2025-06-16 17:35:00+00:00,197.9779052734375,198.13999938964844,197.93499755859375,197.97999572753906,317433,AAPL,AAPL,0.0
2025-06-16 17:40:00+00:00,198.0399932861328,198.10499572753906,197.9199981689453,197.97000122070312,242574,AAPL,AAPL,0.0
2025-06-16 17:45:00+00:00,198.09500122070312,198.19000244140625,198.0399932861328,198.0572967529297,382755,AAPL,AAPL,0.0
2025-06-16 17:50:00+00:00,197.94000244140625,198.1699981689453,197.94000244140625,198.08999633789062,274638,AAPL,AAPL,0.0
2025-06-16 17:55:00+00:00,197.83999633789062,198.0198974609375,197.77000427246094,197.93499755859375,334740,AAPL,AAPL,0.0
2025-06-16 18:00:00+00:00,198.0699005126953,198.0800018310547,197.8249969482422,197.86000061035156,289815,AAPL,AAPL,0.0
2025-06-16 18:05:00+00:00,197.9550018310547,198.1298065185547,197.92999267578125,198.06500244140625,178985,AAPL,AAPL,0.0
2025-06-16 18:10:00+00:00,198.0,198.0200958251953,197.88999938964844,197.9499969482422,175759,AAPL,AAPL,-1.0
2025-06-16 18:10:00+00:00,198.0,198.0200958251953,197.88999938964844,197.9499969482422,175759,AAPL,AAPL,-1.0
2025-06-16 18:10:00+00:00,198.0,198.0200958251953,197.88999938964844,197.9499969482422,175759,AAPL,AAPL,-1.0
2025-06-16 18:15:00+00:00,197.89500427246094,198.02000427246094,197.875,198.0,215579,AAPL,AAPL,0.0
2025-06-16 18:20:00+00:00,197.9199981689453,197.9499969482422,197.82000732421875,197.88999938964844,204224,AAPL,AAPL,0.0
2025-06-16 18:25:00+00:00,197.9886932373047,198.0142059326172,197.80999755859375,197.9149932861328,182621,AAPL,AAPL,0.0
2025-06-16 18:30:00+00:00,197.9499969482422,198.02000427246094,197.86000061035156,197.99000549316406,206790,AAPL,AAPL,1.0
2025-06-16 18:35:00+00:00,197.94000244140625,198.0399932861328,197.85000610351562,197.8800048828125,180129,AAPL,AAPL,0.0
2025-06-16 18:40:00+00:00,197.85350036621094,197.97500610351562,197.83999633789062,197.9499969482422,165100,AAPL,AAPL,0.0
2025-06-16 18:45:00+00:00,197.85000610351562,197.88999938964844,197.77000427246094,197.86000061035156,193585,AAPL,AAPL,0.0
2025-06-16 18:50:00+00:00,198.24000549316406,198.24000549316406,197.80999755859375,197.85000610351562,312777,AAPL,AAPL,0.0
2025-06-16 18:55:00+00:00,198.32009887695312,198.39849853515625,198.24000549316406,198.2449951171875,313371,AAPL,AAPL,0.0
2025-06-16 19:00:00+00:00,198.22000122070312,198.37860107421875,198.16000366210938,198.32000732421875,356244,AAPL,AAPL,0.0
2025-06-16 19:05:00+00:00,197.83999633789062,198.22000122070312,197.8300018310547,198.22000122070312,351852,AAPL,AAPL,0.0
2025-06-16 19:10:00+00:00,198.03500366210938,198.05999755859375,197.66000366210938,197.82000732421875,368626,AAPL,AAPL,0.0
2025-06-16 19:15:00+00:00,197.9499969482422,198.1300048828125,197.89999389648438,198.02999877929688,291637,AAPL,AAPL,0.0
2025-06-16 19:20:00+00:00,198.10000610351562,198.25660705566406,197.83999633789062,197.9550018310547,472915,AAPL,AAPL,0.0
2025-06-16 19:25:00+00:00,198.2449951171875,198.39999389648438,198.02999877929688,198.10499572753906,356120,AAPL,AAPL,0.0
2025-06-16 19:30:00+00:00,198.1699981689453,198.3300018310547,198.101806640625,198.2449951171875,277168,AAPL,AAPL,0.0
2025-06-16 19:35:00+00:00,198.38499450683594,198.47869873046875,198.16000366210938,198.1699981689453,442669,AAPL,AAPL,0.0
2025-06-16 19:40:00+00:00,198.3000030517578,198.4499969482422,198.1699981689453,198.38499450683594,330622,AAPL,AAPL,0.0
2025-06-16 19:45:00+00:00,198.45970153808594,198.49000549316406,198.2100067138672,198.27999877929688,552118,AAPL,AAPL,0.0
2025-06-16 19:50:00+00:00,198.11000061035156,198.40640258789062,197.92999267578125,198.33999633789062,899170,AAPL,AAPL,0.0
2025-06-16 19:55:00+00:00,198.3699951171875,198.44000244140625,197.97999572753906,198.11000061035156,2217220,AAPL,AAPL,0.0
2025-06-17 13:30:00+00:00,197.0500030517578,197.92999267578125,196.9499969482422,197.25,2009180,AAPL,AAPL,-1.0
2025-06-17 13:35:00+00:00,197.0500030517578,197.37530517578125,196.75999450683594,197.0500030517578,863393,AAPL,AAPL,0.0
2025-06-17 13:40:00+00:00,196.55999755859375,197.26499938964844,196.55999755859375,197.0615997314453,723743,AAPL,AAPL,0.0
2025-06-17 13:40:00+00:00,196.55999755859375,197.26499938964844,196.55999755859375,197.0615997314453,723743,AAPL,AAPL,0.0
2025-06-17 13:45:00+00:00,196.47999572753906,196.6199951171875,196.2550048828125,196.3699951171875,749388,AAPL,AAPL,0.0
2025-06-17 13:50:00+00:00,196.80979919433594,196.8105926513672,196.27000427246094,196.47000122070312,529292,AAPL,AAPL,0.0
2025-06-17 13:55:00+00:00,196.80999755859375,197.0236053466797,196.58999633789062,196.8000030517578,603002,AAPL,AAPL,0.0
2025-06-17 14:00:00+00:00,196.94009399414062,196.9600067138672,196.69000244140625,196.8300018310547,414488,AAPL,AAPL,0.0
2025-06-17 14:05:00+00:00,197.24000549316406,197.30499267578125,196.9405059814453,196.97000122070312,477429,AAPL,AAPL,0.0
2025-06-17 14:10:00+00:00,197.62969970703125,197.69000244140625,197.11000061035156,197.25,538166,AAPL,AAPL,-1.0
2025-06-17 14:15:00+00:00,197.75,197.789794921875,197.60000610351562,197.6199951171875,319334,AAPL,AAPL,0.0
2025-06-17 14:20:00+00:00,197.52000427246094,197.91000366210938,197.44000244140625,197.74020385742188,409995,AAPL,AAPL,0.0
2025-06-17 14:25:00+00:00,197.5800018310547,197.69000244140625,197.48959350585938,197.52000427246094,264986,AAPL,AAPL,0.0
2025-06-17 14:30:00+00:00,197.51499938964844,197.6999969482422,197.47999572753906,197.58299255371094,317520,AAPL,AAPL,0.0
2025-06-17 14:35:00+00:00,197.5,197.5800018310547,197.3249969482422,197.52000427246094,430979,AAPL,AAPL,0.0
2025-06-17 14:40:00+00:00,197.50999450683594,197.5749969482422,197.3699951171875,197.49000549316406,233204,AAPL,AAPL,0.0
2025-06-17 14:45:00+00:00,197.58999633789062,197.64999389648438,197.42990112304688,197.5050048828125,298175,AAPL,AAPL,0.0
2025-06-17 14:50:00+00:00,197.67019653320312,197.77000427246094,197.57000732421875,197.5800018310547,267481,AAPL,AAPL,0.0
2025-06-17 14:55:00+00:00,197.38009643554688,197.67999267578125,197.35000610351562,197.67999267578125,307622,AAPL,AAPL,0.0
2025-06-17 15:00:00+00:00,197.59800720214844,197.68499755859375,197.34500122070312,197.3800048828125,279599,AAPL,AAPL,0.0
2025-06-17 15:05:00+00:00,197.71470642089844,197.76980590820312,197.52499389648438,197.58999633789062,216971,AAPL,AAPL,0.5
2025-06-17 15:05:00+00:00,197.71470642089844,197.76980590820312,197.52499389648438,197.58999633789062,216971,AAPL,AAPL,1.0
2025-06-17 15:10:00+00:00,197.69000244140625,197.7899932861328,197.63009643554688,197.71009826660156,242536,AAPL,AAPL,0.0
2025-06-17 15:10:00+00:00,197.69000244140625,197.7899932861328,197.63009643554688,197.71009826660156,242536,AAPL,AAPL,0.0
2025-06-17 15:15:00+00:00,197.7050018310547,197.7100067138672,197.35000610351562,197.69769287109375,293994,AAPL,AAPL,0.0
2025-06-17 15:20:00+00:00,197.625,197.78500366210938,197.61000061035156,197.69500732421875,282824,AAPL,AAPL,0.0
2025-06-17 15:25:00+00:00,197.5800018310547,197.64999389648438,197.44009399414062,197.6269989013672,196678,AAPL,AAPL,0.0
2025-06-17 15:30:00+00:00,197.6298065185547,197.73570251464844,197.51499938964844,197.58999633789062,257498,AAPL,AAPL,-1.0
2025-06-17 15:35:00+00:00,198.1999969482422,198.22500610351562,197.6199951171875,197.6300048828125,549977,AAPL,AAPL,0.0
2025-06-17 15:40:00+00:00,198.3300018310547,198.375,198.11329650878906,198.1999969482422,350823,AAPL,AAPL,-1.0
2025-06-17 15:45:00+00:00,197.91400146484375,198.38890075683594,197.90499877929688,198.34109497070312,328527,AAPL,AAPL,0.0
2025-06-17 15:50:00+00:00,198.0800018310547,198.17999267578125,197.88999938964844,197.94000244140625,263720,AAPL,AAPL,0.0
2025-06-17 15:55:00+00:00,197.78500366210938,198.0800018310547,197.78500366210938,198.0800018310547,247336,AAPL,AAPL,0.0
2025-06-17 16:00:00+00:00,198.02000427246094,198.08999633789062,197.77999877929688,197.78500366210938,193091,AAPL,AAPL,1.0
2025-06-17 16:05:00+00:00,197.97000122070312,198.11000061035156,197.6300048828125,198.02000427246094,346389,AAPL,AAPL,0.0
2025-06-17 16:10:00+00:00,198.11000061035156,198.1300048828125,197.94349670410156,197.9600067138672,201876,AAPL,AAPL,0.0
2025-06-17 16:15:00+00:00,197.81300354003906,198.14999389648438,197.75999450683594,198.11000061035156,329514,AAPL,AAPL,0.0
2025-06-17 16:20:00+00:00,197.61000061035156,197.85499572753906,197.52000427246094,197.80999755859375,237894,AAPL,AAPL,0.0
2025-06-17 16:25:00+00:00,197.61500549316406,197.6999969482422,197.4600067138672,197.6199951171875,207779,AAPL,AAPL,0.0
2025-06-17 16:30:00+00:00,197.72900390625,197.72999572753906,197.52000427246094,197.61000061035156,145090,AAPL,AAPL,0.0
2025-06-17 16:35:00+00:00,197.61619567871094,197.845703125,197.61500549316406,197.73899841308594,157509,AAPL,AAPL,0.0
2025-06-17 16:40:00+00:00,197.30670166015625,197.6199951171875,197.21090698242188,197.6199951171875,259805,AAPL,AAPL,0.0
2025-06-17 16:45:00+00:00,197.14999389648438,197.41000366210938,197.0,197.27999877929688,364432,AAPL,AAPL,0.0
2025-06-17 16:50:00+00:00,196.94020080566406,197.19000244140625,196.8000030517578,197.13999938964844,397307,AAPL,AAPL,0.0
2025-06-17 16:55:00+00:00,196.77499389648438,196.94000244140625,196.67999267578125,196.94000244140625,362536,AAPL,AAPL,0.0
2025-06-17 17:00:00+00:00,196.72500610351562,196.77459716796875,196.47000122070312,196.75999450683594,385959,AAPL,AAPL,0.0
2025-06-17 17:05:00+00:00,196.67999267578125,196.72999572753906,196.46499633789062,196.72999572753906,290137,AAPL,AAPL,0.0
2025-06-17 17:10:00+00:00,196.68499755859375,196.86000061035156,196.6199951171875,196.6699981689453,345893,AAPL,AAPL,-1.0
2025-06-17 17:15:00+00:00,196.69000244140625,196.8300018310547,196.5500030517578,196.69000244140625,1327524,AAPL,AAPL,0.0
2025-06-17 17:20:00+00:00,196.69000244140625,196.74989318847656,196.5,196.69000244140625,245763,AAPL,AAPL,0.0
2025-06-17 17:25:00+00:00,196.52000427246094,196.7097930908203,196.52000427246094,196.6300048828125,191786,AAPL,AAPL,0.0
2025-06-17 17:30:00+00:00,196.63999938964844,196.7449951171875,196.3300018310547,196.50999450683594,362285,AAPL,AAPL,0.0
2025-06-17 17:35:00+00:00,196.50999450683594,196.82000732421875,196.42999267578125,196.63499450683594,240670,AAPL,AAPL,0.0
2025-06-17 17:40:00+00:00,196.30999755859375,196.5800018310547,196.2700958251953,196.52000427246094,268724,AAPL,AAPL,0.0
2025-06-17 17:45:00+00:00,196.1300048828125,196.4250030517578,195.94000244140625,196.30999755859375,656190,AAPL,AAPL,0.0
2025-06-17 17:50:00+00:00,196.1199951171875,196.22900390625,195.94000244140625,196.10000610351562,299273,AAPL,AAPL,0.0
2025-06-17 17:55:00+00:00,196.1199951171875,196.30999755859375,196.07000732421875,196.1199951171875,203852,AAPL,AAPL,0.0
2025-06-17 18:00:00+00:00,195.67999267578125,196.1199951171875,195.5800018310547,196.1199951171875,502498,AAPL,AAPL,0.0
2025-06-17 18:05:00+00:00,195.9550018310547,195.97000122070312,195.69000244140625,195.69000244140625,291927,AAPL,AAPL,0.0
2025-06-17 18:10:00+00:00,195.74000549316406,196.0399932861328,195.72999572753906,195.94500732421875,248245,AAPL,AAPL,1.0
2025-06-17 18:10:00+00:00,195.74000549316406,196.0399932861328,195.72999572753906,195.94500732421875,248245,AAPL,AAPL,-1.0
2025-06-17 18:15:00+00:00,195.6999969482422,195.8300018310547,195.6479034423828,195.72999572753906,246669,AAPL,AAPL,-1.0
2025-06-17 18:20:00+00:00,195.44009399414062,195.7100067138672,195.44000244140625,195.69500732421875,306524,AAPL,AAPL,0.0
2025-06-17 18:25:00+00:00,195.4600067138672,195.50999450683594,195.2100067138672,195.4409942626953,384773,AAPL,AAPL,0.0
2025-06-17 18:30:00+00:00,195.82000732421875,195.82000732421875,195.42030334472656,195.47999572753906,275413,AAPL,AAPL,0.0
2025-06-17 18:35:00+00:00,195.66000366210938,195.86000061035156,195.5399932861328,195.8000030517578,367809,AAPL,AAPL,0.0
2025-06-17 18:40:00+00:00,195.69000244140625,195.69679260253906,195.42999267578125,195.64999389648438,255344,AAPL,AAPL,0.0
2025-06-17 18:45:00+00:00,195.63999938964844,195.7550048828125,195.53500366210938,195.69000244140625,229139,AAPL,AAPL,0.0
2025-06-17 18:50:00+00:00,195.74000549316406,195.75,195.5500946044922,195.64999389648438,160448,AAPL,AAPL,0.0
2025-06-17 18:55:00+00:00,195.84030151367188,195.8699951171875,195.75,195.75,293759,AAPL,AAPL,0.0
2025-06-17 19:00:00+00:00,195.59979248046875,195.88999938964844,195.57000732421875,195.85000610351562,554235,AAPL,AAPL,0.0
2025-06-17 19:05:00+00:00,195.77000427246094,195.77999877929688,195.49000549316406,195.60499572753906,285650,AAPL,AAPL,0.0
2025-06-17 19:10:00+00:00,195.83999633789062,195.9149932861328,195.67799377441406,195.77000427246094,303586,AAPL,AAPL,0.0
2025-06-17 19:15:00+00:00,195.66000366210938,195.94000244140625,195.64500427246094,195.84500122070312,300571,AAPL,AAPL,0.0
2025-06-17 19:20:00+00:00,195.86000061035156,195.91650390625,195.6199951171875,195.6649932861328,308053,AAPL,AAPL,0.0
2025-06-17 19:25:00+00:00,195.83999633789062,195.9199981689453,195.74000549316406,195.86000061035156,282420,AAPL,AAPL,0.0
2025-06-17 19:30:00+00:00,195.58999633789062,195.88499450683594,195.52000427246094,195.85000610351562,467896,AAPL,AAPL,0.0
2025-06-17 19:35:00+00:00,195.61500549316406,195.75,195.5196990966797,195.5800018310547,419773,AAPL,AAPL,0.0
2025-06-17 19:40:00+00:00,195.6300048828125,195.72000122070312,195.4550018310547,195.61000061035156,363444,AAPL,AAPL,0.0
2025-06-17 19:45:00+00:00,195.7050018310547,195.72999572753906,195.4409942626953,195.6300048828125,522415,AAPL,AAPL,0.5
2025-06-17 19:50:00+00:00,195.78799438476562,195.86000061035156,195.47000122070312,195.6999969482422,817355,AAPL,AAPL,0.0
2025-06-17 19:50:00+00:00,195.78799438476562,195.86000061035156,195.47000122070312,195.6999969482422,817355,AAPL,AAPL,0.0
2025-06-17 19:50:00+00:00,195.78799438476562,195.86000061035156,195.47000122070312,195.6999969482422,817355,AAPL,AAPL,0.0
2025-06-17 19:55:00+00:00,195.63999938964844,195.8300018310547,195.48939514160156,195.8000030517578,1730698,AAPL,AAPL,0.0
2025-06-18 13:30:00+00:00,195.22999572753906,196.13999938964844,195.07000732421875,195.9199981689453,2319920,AAPL,AAPL,0.0
2025-06-18 13:35:00+00:00,195.5399932861328,195.6699981689453,195.1699981689453,195.2050018310547,589305,AAPL,AAPL,0.0
2025-06-18 13:40:00+00:00,195.47999572753906,195.7100067138672,195.30999755859375,195.52090454101562,602409,AAPL,AAPL,0.0
2025-06-18 13:45:00+00:00,196.1042022705078,196.11990356445312,195.27000427246094,195.47000122070312,585790,AAPL,AAPL,0.0
2025-06-18 13:50:00+00:00,196.16070556640625,196.46499633789062,196.0800018310547,196.10000610351562,712055,AAPL,AAPL,0.0
2025-06-18 13:55:00+00:00,196.38999938964844,196.4499969482422,196.1300048828125,196.16000366210938,502661,AAPL,AAPL,0.0
2025-06-18 13:55:00+00:00,196.38999938964844,196.4499969482422,196.1300048828125,196.16000366210938,502661,AAPL,AAPL,0.0
2025-06-18 13:55:00+00:00,196.38999938964844,196.4499969482422,196.1300048828125,196.16000366210938,502661,AAPL,AAPL,0.0
2025-06-18 13:55:00+00:00,196.38999938964844,196.4499969482422,196.1300048828125,196.16000366210938,502661,AAPL,AAPL,0.0
2025-06-18 14:00:00+00:00,196.6009979248047,196.72000122070312,196.2100067138672,196.38999938964844,633648,AAPL,AAPL,0.0
2025-06-18 14:05:00+00:00,196.72999572753906,196.9499969482422,196.55999755859375,196.61000061035156,581842,AAPL,AAPL,0.0
2025-06-18 14:10:00+00:00,197.07989501953125,197.2406005859375,196.80149841308594,196.85000610351562,772821,AAPL,AAPL,0.0
2025-06-18 14:15:00+00:00,197.18499755859375,197.47000122070312,196.9801025390625,197.07000732421875,551884,AAPL,AAPL,0.0
2025-06-18 14:20:00+00:00,197.19500732421875,197.50999450683594,197.1649932861328,197.17999267578125,451895,AAPL,AAPL,0.0
2025-06-18 14:25:00+00:00,197.06019592285156,197.33999633789062,197.02000427246094,197.1999969482422,358901,AAPL,AAPL,0.0
2025-06-18 14:30:00+00:00,197.4199981689453,197.44000244140625,196.97000122070312,197.11000061035156,437166,AAPL,AAPL,-0.3333333333333333
2025-06-18 14:35:00+00:00,197.39999389648438,197.57000732421875,197.30999755859375,197.44000244140625,419897,AAPL,AAPL,0.0
2025-06-18 14:40:00+00:00,197.3000030517578,197.41000366210938,197.11500549316406,197.39999389648438,379724,AAPL,AAPL,0.0
2025-06-18 14:45:00+00:00,197.27999877929688,197.36500549316406,197.11500549316406,197.2949981689453,298281,AAPL,AAPL,0.0
2025-06-18 14:50:00+00:00,197.19000244140625,197.3717041015625,197.11959838867188,197.27999877929688,273882,AAPL,AAPL,0.0
2025-06-18 14:50:00+00:00,197.19000244140625,197.3717041015625,197.11959838867188,197.27999877929688,273882,AAPL,AAPL,-1.0
2025-06-18 14:55:00+00:00,197.25,197.25999450683594,197.0800018310547,197.19000244140625,341397,AAPL,AAPL,0.0
2025-06-18 15:00:00+00:00,197.14999389648438,197.2949981689453,197.07000732421875,197.24000549316406,362136,AAPL,AAPL,-1.0
2025-06-18 15:00:00+00:00,197.14999389648438,197.2949981689453,197.07000732421875,197.24000549316406,362136,AAPL,AAPL,1.0
2025-06-18 15:05:00+00:00,196.94000244140625,197.17999267578125,196.87969970703125,197.14999389648438,329912,AAPL,AAPL,0.0
2025-06-18 15:10:00+00:00,196.96629333496094,196.96629333496094,196.8800048828125,196.9199981689453,205068,AAPL,AAPL,0.0
2025-06-18 15:15:00+00:00,196.71499633789062,196.81500244140625,196.69500732421875,196.81500244140625,366002,AAPL,AAPL,1.0
2025-06-18 15:20:00+00:00,196.85000610351562,196.88999938964844,196.63499450683594,196.64500427246094,367511,AAPL,AAPL,0.0
2025-06-18 15:25:00+00:00,196.94000244140625,197.07000732421875,196.84500122070312,196.84500122070312,196524,AAPL,AAPL,0.0
2025-06-18 15:30:00+00:00,196.5399932861328,196.88499450683594,196.51499938964844,196.85000610351562,212300,AAPL,AAPL,0.0
2025-06-18 15:35:00+00:00,196.60000610351562,196.6699981689453,196.55999755859375,196.64999389648438,214902,AAPL,AAPL,0.0
2025-06-18 15:40:00+00:00,196.5399932861328,196.75,196.50030517578125,196.69000244140625,294300,AAPL,AAPL,0.0
2025-06-18 15:40:00+00:00,196.5399932861328,196.75,196.50030517578125,196.69000244140625,294300,AAPL,AAPL,0.0
2025-06-18 15:45:00+00:00,196.85000610351562,196.90989685058594,196.8300018310547,196.8800048828125,348704,AAPL,AAPL,0.0
2025-06-18 15:50:00+00:00,197.1999969482422,197.2100067138672,196.82000732421875,196.8433074951172,334674,AAPL,AAPL,0.0
2025-06-18 15:50:00+00:00,197.1999969482422,197.2100067138672,196.82000732421875,196.8433074951172,334674,AAPL,AAPL,1.0
2025-06-18 15:55:00+00:00,196.82000732421875,197.22000122070312,196.731201171875,197.20269775390625,234300,AAPL,AAPL,0.0
2025-06-18 16:00:00+00:00,197.10000610351562,197.1300048828125,196.75999450683594,196.82000732421875,234397,AAPL,AAPL,0.0
2025-06-18 16:05:00+00:00,197.19000244140625,197.19769287109375,196.9550018310547,197.11000061035156,146295,AAPL,AAPL,0.0
2025-06-18 16:10:00+00:00,197.07000732421875,197.22999572753906,197.05999755859375,197.1699981689453,140233,AAPL,AAPL,-1.0
2025-06-18 16:15:00+00:00,196.83900451660156,197.18499755859375,196.77999877929688,197.0800018310547,201509,AAPL,AAPL,0.0
2025-06-18 16:20:00+00:00,197.07000732421875,197.10000610351562,196.77999877929688,196.8300018310547,174014,AAPL,AAPL,0.0
2025-06-18 16:25:00+00:00,196.9508056640625,197.1300048828125,196.88999938964844,197.07000732421875,141263,AAPL,AAPL,0.0
2025-06-18 16:30:00+00:00,196.9967041015625,197.02000427246094,196.8699951171875,196.94000244140625,162553,AAPL,AAPL,0.0
2025-06-18 16:35:00+00:00,196.7949981689453,196.97000122070312,196.7449951171875,196.97000122070312,191448,AAPL,AAPL,0.0
2025-06-18 16:40:00+00:00,196.8300018310547,196.97999572753906,196.77000427246094,196.80999755859375,194394,AAPL,AAPL,0.0
2025-06-18 16:45:00+00:00,196.76499938964844,196.89999389648438,196.72999572753906,196.82000732421875,173707,AAPL,AAPL,0.0
2025-06-18 16:50:00+00:00,196.67999267578125,196.9499969482422,196.61000061035156,196.77499389648438,188472,AAPL,AAPL,0.0
2025-06-18 16:55:00+00:00,196.4550018310547,196.74000549316406,196.4199981689453,196.6699981689453,357934,AAPL,AAPL,0.0
2025-06-18 16:55:00+00:00,196.4550018310547,196.74000549316406,196.4199981689453,196.6699981689453,357934,AAPL,AAPL,0.0
2025-06-18 16:55:00+00:00,196.4550018310547,196.74000549316406,196.4199981689453,196.6699981689453,357934,AAPL,AAPL,0.0
2025-06-18 17:00:00+00:00,196.32000732421875,196.43099975585938,196.27999877929688,196.33999633789062,238824,AAPL,AAPL,0.0
2025-06-18 17:05:00+00:00,196.41000366210938,196.41900634765625,196.25,196.3300018310547,217926,AAPL,AAPL,0.0
2025-06-18 17:10:00+00:00,196.4550018310547,196.539794921875,196.32000732421875,196.41000366210938,244799,AAPL,AAPL,0.0
2025-06-18 17:15:00+00:00,196.4759063720703,196.57000732421875,196.44500732421875,196.46499633789062,178957,AAPL,AAPL,0.0
2025-06-18 17:20:00+00:00,196.31539916992188,196.55979919433594,196.2899932861328,196.5500030517578,173304,AAPL,AAPL,0.0
2025-06-18 17:25:00+00:00,196.05999755859375,196.32000732421875,196.0500030517578,196.3000030517578,205661,AAPL,AAPL,0.0
2025-06-18 17:30:00+00:00,195.9550018310547,196.25439453125,195.8000030517578,196.07000732421875,301071,AAPL,AAPL,0.0
2025-06-18 17:35:00+00:00,196.28070068359375,196.2899932861328,195.8249969482422,195.9499969482422,207409,AAPL,AAPL,0.0
2025-06-18 17:40:00+00:00,196.53619384765625,196.5399932861328,196.18499755859375,196.27000427246094,207139,AAPL,AAPL,0.0
2025-06-18 17:40:00+00:00,196.53619384765625,196.5399932861328,196.18499755859375,196.27000427246094,207139,AAPL,AAPL,0.0
2025-06-18 17:45:00+00:00,196.5800018310547,196.85989379882812,196.53329467773438,196.5399932861328,237665,AAPL,AAPL,0.0
2025-06-18 17:50:00+00:00,196.64239501953125,196.72999572753906,196.47000122070312,196.5800018310547,489190,AAPL,AAPL,1.0
2025-06-18 17:55:00+00:00,196.47000122070312,196.63999938964844,196.3000030517578,196.63999938964844,284120,AAPL,AAPL,0.0
2025-06-18 18:00:00+00:00,196.0399932861328,196.97999572753906,196.02000427246094,196.5,411641,AAPL,AAPL,0.0
2025-06-18 18:05:00+00:00,196.0500030517578,196.3000030517578,195.96499633789062,196.0399932861328,359252,AAPL,AAPL,0.0
2025-06-18 18:10:00+00:00,196.02479553222656,196.11000061035156,195.8699951171875,196.02000427246094,308017,AAPL,AAPL,0.0
2025-06-18 18:15:00+00:00,195.80999755859375,196.13999938964844,195.80499267578125,196.02999877929688,298250,AAPL,AAPL,0.0
2025-06-18 18:20:00+00:00,195.8300018310547,195.85499572753906,195.6300048828125,195.82000732421875,321435,AAPL,AAPL,0.0
2025-06-18 18:25:00+00:00,195.91000366210938,196.0399932861328,195.80999755859375,195.83999633789062,258625,AAPL,AAPL,0.0
2025-06-18 18:30:00+00:00,196.13999938964844,196.2100067138672,195.80499267578125,195.9199981689453,339412,AAPL,AAPL,0.0
2025-06-18 18:35:00+00:00,195.85499572753906,196.14999389648438,195.63059997558594,196.1365966796875,456338,AAPL,AAPL,0.0
2025-06-18 18:40:00+00:00,196.32090759277344,196.4499969482422,195.80999755859375,195.86480712890625,369773,AAPL,AAPL,0.0
2025-06-18 18:45:00+00:00,196.1260986328125,196.32000732421875,196.0,196.32000732421875,240967,AAPL,AAPL,0.0
2025-06-18 18:50:00+00:00,195.8000030517578,196.10499572753906,195.60000610351562,196.10000610351562,367888,AAPL,AAPL,0.0
2025-06-18 18:55:00+00:00,195.36000061035156,195.82989501953125,195.11000061035156,195.81619262695312,638404,AAPL,AAPL,0.0
2025-06-18 19:00:00+00:00,195.57620239257812,195.6300048828125,195.13999938964844,195.3699951171875,469994,AAPL,AAPL,0.0
2025-06-18 19:05:00+00:00,195.36000061035156,195.69039916992188,195.2899932861328,195.5800018310547,315916,AAPL,AAPL,0.0
2025-06-18 19:10:00+00:00,195.9499969482422,196.10000610351562,195.22000122070312,195.37750244140625,598208,AAPL,AAPL,0.0
2025-06-18 19:15:00+00:00,195.80999755859375,195.9600067138672,195.72999572753906,195.9600067138672,265651,AAPL,AAPL,0.0
2025-06-18 19:20:00+00:00,196.11500549316406,196.28919982910156,195.72999572753906,195.8000030517578,465942,AAPL,AAPL,0.0
2025-06-18 19:25:00+00:00,195.63999938964844,196.17999267578125,195.60000610351562,196.11000061035156,481411,AAPL,AAPL,0.0
2025-06-18 19:30:00+00:00,195.98500061035156,196.0500030517578,195.46600341796875,195.6300048828125,485647,AAPL,AAPL,0.0
2025-06-18 19:35:00+00:00,196.27000427246094,196.3000030517578,195.94000244140625,195.97500610351562,495246,AAPL,AAPL,0.0
2025-06-18 19:40:00+00:00,196.2899932861328,196.3000030517578,195.99000549316406,196.27000427246094,528209,AAPL,AAPL,0.0
2025-06-18 19:45:00+00:00,196.2801971435547,196.3300018310547,196.0601043701172,196.27999877929688,528318,AAPL,AAPL,0.0
2025-06-18 19:50:00+00:00,196.5,197.0,196.22000122070312,196.27999877929688,1510573,AAPL,AAPL,-1.0
2025-06-18 19:55:00+00:00,196.25,197.11000061035156,196.25,196.49000549316406,4114217,AAPL,AAPL,0.0
2025-06-20 13:30:00+00:00,199.41079711914062,199.6300048828125,197.52999877929688,198.23500061035156,14021766,AAPL,AAPL,0.0
2025-06-20 13:35:00+00:00,200.44500732421875,200.64999389648438,199.37660217285156,199.38999938964844,2397722,AAPL,AAPL,0.0
2025-06-20 13:40:00+00:00,200.59950256347656,200.94000244140625,200.34109497070312,200.4427032470703,1662468,AAPL,AAPL,0.0
2025-06-20 13:45:00+00:00,199.77000427246094,200.71910095214844,199.72999572753906,200.59500122070312,1161399,AAPL,AAPL,0.0
2025-06-20 13:50:00+00:00,200.34910583496094,200.35000610351562,199.74000549316406,199.77999877929688,786238,AAPL,AAPL,0.0
2025-06-20 13:55:00+00:00,199.84500122070312,200.47999572753906,199.75,200.3300018310547,756378,AAPL,AAPL,0.0
2025-06-20 14:00:00+00:00,199.52999877929688,199.94000244140625,199.4600067138672,199.83999633789062,1108964,AAPL,AAPL,0.0
2025-06-20 14:05:00+00:00,199.00990295410156,199.57980346679688,198.97999572753906,199.52000427246094,530468,AAPL,AAPL,0.0
2025-06-20 14:10:00+00:00,199.57000732421875,199.60499572753906,198.9949951171875,199.00999450683594,546326,AAPL,AAPL,0.0
2025-06-20 14:15:00+00:00,199.57000732421875,199.72500610351562,199.2449951171875,199.5449981689453,469578,AAPL,AAPL,0.0
2025-06-20 14:20:00+00:00,198.86000061035156,199.74000549316406,198.80999755859375,199.56939697265625,1539668,AAPL,AAPL,0.0
2025-06-20 14:25:00+00:00,198.67999267578125,198.88499450683594,198.55999755859375,198.85000610351562,1055392,AAPL,AAPL,0.0
2025-06-20 14:30:00+00:00,198.28500366210938,198.69000244140625,198.2449951171875,198.69000244140625,523134,AAPL,AAPL,0.0
2025-06-20 14:35:00+00:00,198.19000244140625,198.46499633789062,198.0800018310547,198.28500366210938,799514,AAPL,AAPL,0.0
2025-06-20 14:40:00+00:00,197.79190063476562,198.36500549316406,197.6300048828125,198.19000244140625,742083,AAPL,AAPL,0.0
2025-06-20 14:45:00+00:00,197.6750030517578,197.83999633789062,197.56100463867188,197.7899932861328,438011,AAPL,AAPL,0.0
2025-06-20 14:50:00+00:00,197.2100067138672,197.69000244140625,197.1300048828125,197.67999267578125,577150,AAPL,AAPL,0.0
2025-06-20 14:55:00+00:00,197.27980041503906,197.32000732421875,197.03500366210938,197.1999969482422,508761,AAPL,AAPL,-1.0
2025-06-20 14:55:00+00:00,197.27980041503906,197.32000732421875,197.03500366210938,197.1999969482422,508761,AAPL,AAPL,-1.0
2025-06-20 15:00:00+00:00,197.02999877929688,197.25999450683594,196.85960388183594,197.25999450683594,503492,AAPL,AAPL,0.0
2025-06-20 15:05:00+00:00,197.27000427246094,197.32000732421875,197.01010131835938,197.0399932861328,381019,AAPL,AAPL,1.0
2025-06-20 15:05:00+00:00,197.27000427246094,197.32000732421875,197.01010131835938,197.0399932861328,381019,AAPL,AAPL,0.0
2025-06-20 15:05:00+00:00,197.27000427246094,197.32000732421875,197.01010131835938,197.0399932861328,381019,AAPL,AAPL,1.0
2025-06-20 15:10:00+00:00,197.66000366210938,197.75,197.16000366210938,197.27940368652344,1033676,AAPL,AAPL,0.0
2025-06-20 15:15:00+00:00,197.78480529785156,197.7899932861328,197.50999450683594,197.6699981689453,258489,AAPL,AAPL,1.0
2025-06-20 15:20:00+00:00,197.86000061035156,198.0,197.84039306640625,197.86500549316406,553771,AAPL,AAPL,0.0
2025-06-20 15:25:00+00:00,197.6699981689453,197.97999572753906,197.64999389648438,197.85000610351562,241490,AAPL,AAPL,0.0
2025-06-20 15:30:00+00:00,198.22999572753906,198.24000549316406,197.6999969482422,197.7100067138672,329761,AAPL,AAPL,0.0
2025-06-20 15:35:00+00:00,198.5399932861328,198.56500244140625,198.1999969482422,198.22500610351562,410373,AAPL,AAPL,0.0
2025-06-20 15:40:00+00:00,198.77499389648438,198.86000061035156,198.4499969482422,198.52999877929688,993338,AAPL,AAPL,0.0
2025-06-20 15:45:00+00:00,198.5126953125,198.77999877929688,198.5126953125,198.77999877929688,355885,AAPL,AAPL,0.0
2025-06-20 15:50:00+00:00,198.13999938964844,198.49000549316406,198.1300048828125,198.439697265625,391174,AAPL,AAPL,0.0
2025-06-20 15:55:00+00:00,198.0800018310547,198.24000549316406,197.99000549316406,198.14999389648438,367008,AAPL,AAPL,0.0
2025-06-20 16:00:00+00:00,198.07000732421875,198.25,197.91000366210938,198.05999755859375,224453,AAPL,AAPL,0.0
2025-06-20 16:05:00+00:00,198.27999877929688,198.27999877929688,198.05999755859375,198.07000732421875,160147,AAPL,AAPL,0.0
2025-06-20 16:10:00+00:00,198.18919372558594,198.50999450683594,198.1295928955078,198.25999450683594,204088,AAPL,AAPL,0.0
2025-06-20 16:15:00+00:00,198.11000061035156,198.2050018310547,197.9199981689453,198.1699981689453,203135,AAPL,AAPL,0.0
2025-06-20 16:20:00+00:00,198.42999267578125,198.46690368652344,197.9228973388672,198.1103973388672,480657,AAPL,AAPL,0.0
2025-06-20 16:25:00+00:00,198.49000549316406,198.53599548339844,198.25,198.42999267578125,167653,AAPL,AAPL,0.0
2025-06-20 16:30:00+00:00,198.6300048828125,198.64999389648438,198.36000061035156,198.49000549316406,243047,AAPL,AAPL,0.0
2025-06-20 16:35:00+00:00,198.71249389648438,198.8249969482422,198.61000061035156,198.63999938964844,204719,AAPL,AAPL,0.0
2025-06-20 16:40:00+00:00,198.5,198.72999572753906,198.2899932861328,198.7100067138672,285677,AAPL,AAPL,0.0
2025-06-20 16:45:00+00:00,198.3800048828125,198.55999755859375,198.3300018310547,198.48500061035156,616454,AAPL,AAPL,0.0
2025-06-20 16:50:00+00:00,198.7375030517578,198.9199981689453,198.33999633789062,198.3699951171875,733039,AAPL,AAPL,0.0
2025-06-20 16:55:00+00:00,198.80999755859375,198.93910217285156,198.5906982421875,198.72999572753906,345601,AAPL,AAPL,0.0
2025-06-20 17:00:00+00:00,198.66000366210938,198.9199981689453,198.6199951171875,198.7899932861328,244130,AAPL,AAPL,0.0
2025-06-20 17:05:00+00:00,198.83009338378906,198.90499877929688,198.52000427246094,198.64999389648438,226752,AAPL,AAPL,0.0
2025-06-20 17:10:00+00:00,199.16900634765625,199.23500061035156,198.8000030517578,198.8300018310547,271648,AAPL,AAPL,0.0
2025-06-20 17:15:00+00:00,198.74000549316406,199.3699951171875,198.6699981689453,199.17759704589844,390734,AAPL,AAPL,0.0
2025-06-20 17:20:00+00:00,198.58999633789062,198.935302734375,198.55999755859375,198.72999572753906,359811,AAPL,AAPL,0.0
2025-06-20 17:25:00+00:00,198.32000732421875,198.61000061035156,198.27000427246094,198.58999633789062,365251,AAPL,AAPL,0.0
2025-06-20 17:30:00+00:00,198.42979431152344,198.44000244140625,198.10000610351562,198.32000732421875,410641,AAPL,AAPL,0.0
2025-06-20 17:30:00+00:00,198.42979431152344,198.44000244140625,198.10000610351562,198.32000732421875,410641,AAPL,AAPL,0.0
2025-06-20 17:35:00+00:00,198.10000610351562,198.55499267578125,198.0800018310547,198.41000366210938,251411,AAPL,AAPL,0.0
2025-06-20 17:40:00+00:00,198.48500061035156,198.65499877929688,198.07000732421875,198.10499572753906,548304,AAPL,AAPL,0.0
2025-06-20 17:45:00+00:00,198.50999450683594,198.5800018310547,198.36000061035156,198.47999572753906,442212,AAPL,AAPL,0.0
2025-06-20 17:50:00+00:00,198.91000366210938,199.14999389648438,198.49000549316406,198.50999450683594,870935,AAPL,AAPL,0.0
2025-06-20 17:55:00+00:00,199.13999938964844,199.17999267578125,198.87240600585938,198.89500427246094,271060,AAPL,AAPL,0.0
2025-06-20 18:00:00+00:00,199.41000366210938,199.42999267578125,199.11289978027344,199.14500427246094,370511,AAPL,AAPL,0.0
2025-06-20 18:05:00+00:00,199.50999450683594,199.52999877929688,199.25,199.4199981689453,481964,AAPL,AAPL,0.0
2025-06-20 18:10:00+00:00,199.72999572753906,199.80499267578125,199.49000549316406,199.52000427246094,349457,AAPL,AAPL,0.0
2025-06-20 18:15:00+00:00,200.1501007080078,200.19000244140625,199.65499877929688,199.7100067138672,621725,AAPL,AAPL,0.0
2025-06-20 18:20:00+00:00,200.05709838867188,200.17999267578125,199.88999938964844,200.16000366210938,399924,AAPL,AAPL,0.0
2025-06-20 18:25:00+00:00,199.80999755859375,200.06080627441406,199.7899932861328,200.05279541015625,299065,AAPL,AAPL,0.0
2025-06-20 18:30:00+00:00,200.1199951171875,200.1699981689453,199.80999755859375,199.82000732421875,505563,AAPL,AAPL,0.0
2025-06-20 18:35:00+00:00,199.97000122070312,200.14990234375,199.82000732421875,200.11000061035156,451969,AAPL,AAPL,0.0
2025-06-20 18:40:00+00:00,199.9499969482422,200.0399932861328,199.80999755859375,199.97479248046875,828896,AAPL,AAPL,0.0
2025-06-20 18:45:00+00:00,199.88999938964844,200.05909729003906,199.80999755859375,199.9600067138672,340622,AAPL,AAPL,0.0
2025-06-20 18:50:00+00:00,200.03460693359375,200.08999633789062,199.72999572753906,199.8800048828125,630637,AAPL,AAPL,0.0
2025-06-20 18:55:00+00:00,199.7100067138672,200.13999938964844,199.64999389648438,200.0500030517578,592014,AAPL,AAPL,0.0
2025-06-20 19:00:00+00:00,200.25990295410156,200.27529907226562,199.6199951171875,199.7100067138672,1188119,AAPL,AAPL,0.0
2025-06-20 19:05:00+00:00,200.02000427246094,200.33670043945312,199.9199981689453,200.25,913725,AAPL,AAPL,0.0
2025-06-20 19:10:00+00:00,199.9199981689453,200.0800018310547,199.8101043701172,200.02000427246094,431605,AAPL,AAPL,0.0
2025-06-20 19:15:00+00:00,199.78089904785156,199.92999267578125,199.60009765625,199.91000366210938,446626,AAPL,AAPL,0.0
2025-06-20 19:20:00+00:00,200.0800018310547,200.17999267578125,199.75,199.7864990234375,579668,AAPL,AAPL,0.0
2025-06-20 19:25:00+00:00,199.92999267578125,200.1750030517578,199.8000030517578,200.0800018310547,1018193,AAPL,AAPL,0.0
2025-06-20 19:30:00+00:00,200.14520263671875,200.14520263671875,199.77000427246094,199.9199981689453,432423,AAPL,AAPL,-1.0
2025-06-20 19:35:00+00:00,200.0749969482422,200.19500732421875,199.97000122070312,200.13999938964844,533832,AAPL,AAPL,0.0
2025-06-20 19:35:00+00:00,200.0749969482422,200.19500732421875,199.97000122070312,200.13999938964844,533832,AAPL,AAPL,0.0
2025-06-20 19:40:00+00:00,199.97000122070312,200.19000244140625,199.9499969482422,200.0749969482422,737390,AAPL,AAPL,0.0
2025-06-20 19:45:00+00:00,199.99000549316406,200.07000732421875,199.94500732421875,199.97500610351562,710465,AAPL,AAPL,0.0
2025-06-20 19:50:00+00:00,200.57000732421875,200.5800018310547,199.99000549316406,200.00999450683594,1746817,AAPL,AAPL,0.0
2025-06-20 19:55:00+00:00,200.94000244140625,201.6999969482422,200.55999755859375,200.55999755859375,6594197,AAPL,AAPL,-1.0
2025-06-20 19:55:00+00:00,200.94000244140625,201.6999969482422,200.55999755859375,200.55999755859375,6594197,AAPL,AAPL,1.0
2025-06-20 19:55:00+00:00,200.94000244140625,201.6999969482422,200.55999755859375,200.55999755859375,6594197,AAPL,AAPL,-1.0
2025-06-20 19:55:00+00:00,200.94000244140625,201.6999969482422,200.55999755859375,200.55999755859375,6594197,AAPL,AAPL,-1.0
